{
  "kld_loss": [
    600.6959167480469,
    440.6203643798828,
    237.6170440673828,
    146.1513198852539,
    251.5175796508789,
    636.1993896484375,
    1928.7324096679688,
    4088.0364013671874,
    3888.6361083984375,
    3047.3926025390624,
    3429.8400390625,
    3346.258349609375,
    3146.6868408203127,
    2830.566552734375,
    1960.4628295898438,
    1425.8929565429687,
    1274.68212890625,
    1057.3260192871094,
    940.5257202148438,
    837.5714965820313,
    764.7865661621094,
    695.1535583496094,
    641.7205871582031,
    609.9022583007812,
    612.0819396972656,
    576.1030090332031,
    620.4937438964844,
    491.2665679931641,
    468.63116149902345,
    455.20936889648436,
    438.71848449707034,
    1272.9614715576172,
    592.8570709228516,
    538.3943481445312,
    429.6298858642578,
    371.92792053222655,
    413.0705078125,
    564.850830078125,
    472.0915100097656,
    343.35772399902345,
    333.1849731445312,
    352.22939147949216,
    355.2090301513672,
    333.3602996826172,
    333.0434997558594,
    340.7773071289063,
    324.0768249511719,
    324.0489929199219,
    324.6326904296875,
    322.08978881835935,
    318.6090942382813
  ],
  "nll_loss": [
    58387.30546875,
    57308.334765625,
    56346.009375,
    55048.3875,
    53146.428125,
    50744.015625,
    47500.135546875,
    44457.468359375,
    44316.462890625,
    44707.655078125,
    43892.221484375,
    43484.10078125,
    43078.36171875,
    42763.12734375,
    43104.38046875,
    43396.751953125,
    43497.052734375,
    43617.96875,
    43633.234375,
    43686.634375,
    43707.533984375,
    43732.274609375,
    43763.866015625,
    43820.22265625,
    43798.156640625,
    43815.93515625,
    43801.1171875,
    43824.159375,
    43850.11171875,
    43839.2671875,
    43873.92890625,
    43931.690234375,
    43906.5515625,
    43905.916015625,
    43913.6984375,
    43940.708203125,
    43949.0515625,
    43970.98671875,
    43945.227734375,
    43989.9015625,
    44014.105859375,
    43989.59375,
    43987.128515625,
    44002.09921875,
    44005.08515625,
    44002.748828125,
    44004.52109375,
    43996.50546875,
    44006.983984375,
    44004.0328125,
    44014.237109375
  ],
  "ent_loss": [
    0.0,
    0.0,
    0.0,
    0.0,
    0.0,
    0.0,
    0.0,
    0.0,
    0.0,
    0.0,
    0.0,
    0.0,
    0.0,
    0.0,
    0.0,
    0.0,
    0.0,
    0.0,
    0.0,
    0.0,
    0.0,
    0.0,
    0.0,
    0.0,
    0.0,
    0.0,
    0.0,
    0.0,
    0.0,
    0.0,
    0.0,
    0.0,
    0.0,
    0.0,
    0.0,
    0.0,
    0.0,
    0.0,
    0.0,
    0.0,
    0.0,
    0.0,
    0.0,
    0.0,
    0.0,
    0.0,
    0.0,
    0.0,
    0.0,
    0.0,
    0.0
  ],
  "rollout_loss": [
    58510.054296875,
    57493.01953125,
    56750.442578125,
    56070.3859375,
    55339.73359375,
    54701.0921875,
    53998.63984375,
    53406.099609375,
    52944.0609375,
    52533.7828125,
    51875.426953125,
    51089.08828125,
    49957.526171875,
    49100.76328125,
    48671.95703125,
    48263.855859375,
    47795.83671875,
    47513.258203125,
    47387.459765625,
    47192.43359375,
    47099.3296875,
    46989.15703125,
    46890.059375,
    46779.476171875,
    46721.93359375,
    46658.541015625,
    46596.71484375,
    46543.246484375,
    46562.62734375,
    46505.7453125,
    46428.48828125,
    46449.63671875,
    46477.451953125,
    46447.627734375,
    46420.0078125,
    46367.90703125,
    46341.784375,
    46319.468359375,
    46302.4078125,
    46278.635546875,
    46271.118359375,
    46289.75390625,
    46244.609375,
    46242.57890625,
    46235.80390625,
    46254.740625,
    46245.8828125,
    46220.750390625,
    46235.823046875,
    46212.840625,
    46212.1859375
  ],
  "rollout_loss_weighted": [
    58510.054296875,
    57493.01953125,
    56750.442578125,
    56070.3859375,
    55339.73359375,
    54701.0921875,
    53998.63984375,
    53406.099609375,
    52944.0609375,
    52533.7828125,
    51875.426953125,
    51089.08828125,
    49957.526171875,
    49100.76328125,
    48671.95703125,
    48263.855859375,
    47795.83671875,
    47513.258203125,
    47387.459765625,
    47192.43359375,
    47099.3296875,
    46989.15703125,
    46890.059375,
    46779.476171875,
    46721.93359375,
    46658.541015625,
    46596.71484375,
    46543.246484375,
    46562.62734375,
    46505.7453125,
    46428.48828125,
    46449.63671875,
    46477.451953125,
    46447.627734375,
    46420.0078125,
    46367.90703125,
    46341.784375,
    46319.468359375,
    46302.4078125,
    46278.635546875,
    46271.118359375,
    46289.75390625,
    46244.609375,
    46242.57890625,
    46235.80390625,
    46254.740625,
    46245.8828125,
    46220.750390625,
    46235.823046875,
    46212.840625,
    46212.1859375
  ]
}