{
  "kld_loss": [
    286.35182189941406
  ],
  "nll_loss": [
    40488.47578125
  ],
  "ent_loss": [
    0.0
  ]
}