{
  "kld_loss": [
    517.6675262451172,
    394.561865234375,
    293.9978881835938,
    230.5424591064453,
    277.9597198486328,
    490.0663818359375,
    834.0543518066406,
    1592.6689086914062,
    2733.073583984375,
    3267.6708251953123,
    3152.5608642578127,
    2924.9511962890624,
    2853.081982421875,
    2757.8702880859373,
    2565.0142822265625,
    2148.408337402344,
    1392.6340698242188,
    873.5761047363281,
    674.097412109375,
    515.7453216552734,
    610.9605224609375,
    518.0095153808594,
    999.3294891357422,
    929.5716156005859,
    1066.6018432617188,
    851.446255493164,
    1009.5497222900391,
    872.7488067626953,
    919.6639678955078,
    901.3187835693359,
    1115.550375366211,
    801.2487060546875,
    1049.8823181152343,
    903.664517211914,
    985.9886260986328,
    862.46376953125,
    1002.3912139892578,
    888.2660034179687,
    1094.5894775390625,
    930.3091400146484,
    997.1993621826172,
    952.9071044921875,
    1185.6317474365235,
    936.8821960449219,
    1040.6431457519532,
    975.5491424560547,
    1229.8226226806642,
    971.1420532226563,
    1081.0490264892578,
    1086.9615295410156,
    1386.669174194336,
    1066.7384826660157,
    1161.5968292236328,
    1041.0602294921875,
    1330.3107818603517,
    1072.1284454345703,
    1224.0804016113282,
    1092.2723510742187,
    1446.647393798828,
    1148.722885131836,
    1251.2632568359375,
    1244.729751586914,
    1657.7918884277344,
    1308.3214569091797,
    1374.2931671142578,
    1367.5109008789063,
    1588.2706970214845,
    1234.4571655273437,
    1525.3206115722655,
    1240.9494995117188,
    1533.99794921875,
    1274.4317413330077,
    1476.9522583007813,
    1296.2974761962892,
    1652.9122924804688,
    1318.9837585449218,
    1463.480206298828,
    1360.8445556640625,
    1700.8534362792968,
    1338.249691772461,
    1507.6277770996094,
    1364.9648529052733,
    1783.299072265625,
    1390.9083099365234,
    1546.3960662841796,
    1502.9341949462892,
    1940.6984252929688,
    1467.302783203125,
    1630.0522583007812,
    1429.3437957763672,
    1840.3204711914063,
    1460.3538604736327,
    1644.8735382080079,
    1462.0315826416015,
    1973.0588134765626,
    1532.89375,
    1678.1382415771484,
    1566.5578125,
    2073.063919067383,
    1563.2764129638672,
    1709.5684753417968
  ],
  "nll_loss": [
    55333.443359375,
    54836.223046875,
    54346.078515625,
    53607.9109375,
    52806.08671875,
    51761.9484375,
    50429.772265625,
    48056.25625,
    45921.848828125,
    44957.7609375,
    44780.725,
    44704.0390625,
    44479.183984375,
    44235.798828125,
    44022.129296875,
    43958.566796875,
    44166.803515625,
    44318.062109375,
    44334.109375,
    44474.731640625,
    44443.71796875,
    44505.4046875,
    44519.758203125,
    44517.65078125,
    44536.16484375,
    44520.356640625,
    44503.1609375,
    44513.862109375,
    44516.022265625,
    44506.9625,
    44502.189453125,
    44522.1359375,
    44532.0796875,
    44522.630859375,
    44518.13359375,
    44525.237890625,
    44527.437890625,
    44519.851171875,
    44515.623828125,
    44509.67734375,
    44523.33515625,
    44511.2828125,
    44527.79453125,
    44514.998046875,
    44527.1890625,
    44517.91484375,
    44517.266796875,
    44516.2828125,
    44519.705859375,
    44509.923828125,
    44514.085546875,
    44525.003515625,
    44525.440234375,
    44521.063671875,
    44514.015234375,
    44519.90234375,
    44523.073828125,
    44527.259375,
    44511.205078125,
    44518.738671875,
    44522.258203125,
    44517.55234375,
    44507.873828125,
    44523.34921875,
    44534.630078125,
    44503.5203125,
    44531.615625,
    44519.1453125,
    44534.45078125,
    44515.455859375,
    44518.95078125,
    44521.437109375,
    44528.165625,
    44516.572265625,
    44519.869921875,
    44509.76328125,
    44530.011328125,
    44508.88203125,
    44518.751953125,
    44511.28359375,
    44520.125,
    44517.251953125,
    44513.037109375,
    44514.292578125,
    44516.4171875,
    44508.1609375,
    44507.87578125,
    44515.6484375,
    44519.439453125,
    44516.512890625,
    44510.74296875,
    44518.94921875,
    44514.71796875,
    44510.455859375,
    44508.51640625,
    44512.39296875,
    44518.9734375,
    44506.96875,
    44513.26171875,
    44506.01640625,
    44514.421484375
  ],
  "ent_loss": [
    3203.8454833984374,
    3108.00078125,
    3002.6680908203125,
    2870.7043701171874,
    2727.9757080078125,
    2593.801220703125,
    2499.549951171875,
    2428.3046630859376,
    2316.9625244140625,
    2070.7092163085936,
    1808.5614990234376,
    1613.1399658203125,
    1454.550341796875,
    1299.4555297851562,
    1050.4777587890626,
    703.2689392089844,
    185.2384744644165,
    -556.4779235839844,
    -1373.9939453125,
    -2143.278210449219,
    -2681.9671875,
    -3056.53408203125,
    -3359.1279052734376,
    -3508.320556640625,
    -3595.1677490234374,
    -3646.492236328125,
    -3681.74501953125,
    -3712.9276123046875,
    -3745.6758544921877,
    -3781.9630615234373,
    -3822.525048828125,
    -3871.7711669921873,
    -3937.8155029296877,
    -3978.5776123046876,
    -4011.124462890625,
    -4041.7879150390627,
    -4070.8966064453125,
    -4097.940747070313,
    -4124.656884765625,
    -4153.340380859375,
    -4185.405419921875,
    -4218.3333984375,
    -4258.740869140625,
    -4294.050927734375,
    -4326.28681640625,
    -4354.917919921875,
    -4383.719775390625,
    -4414.36953125,
    -4444.31240234375,
    -4478.121240234375,
    -4521.713232421875,
    -4575.8486328125,
    -4611.894384765625,
    -4638.578271484375,
    -4661.017724609375,
    -4682.52099609375,
    -4703.758935546875,
    -4724.668505859375,
    -4747.576953125,
    -4771.176904296875,
    -4796.21298828125,
    -4825.2470703125,
    -4860.65546875,
    -4902.894873046875,
    -4954.8150390625,
    -5006.035009765625,
    -5036.179296875,
    -5053.033056640625,
    -5066.07744140625,
    -5078.240234375,
    -5089.612451171875,
    -5100.286767578125,
    -5110.796337890625,
    -5120.74326171875,
    -5131.563916015625,
    -5143.09677734375,
    -5156.2142578125,
    -5167.8802734375,
    -5180.08427734375,
    -5191.66005859375,
    -5203.400732421875,
    -5214.108837890625,
    -5225.570068359375,
    -5239.201806640625,
    -5255.21044921875,
    -5273.104736328125,
    -5293.252197265625,
    -5318.3822265625,
    -5334.436083984375,
    -5344.841748046875,
    -5353.866064453125,
    -5363.22001953125,
    -5372.510546875,
    -5381.456884765625,
    -5391.10078125,
    -5403.5275390625,
    -5417.185986328125,
    -5429.2998046875,
    -5441.241455078125,
    -5453.837841796875,
    -5469.58720703125
  ],