{
  "data": {
    "T": 300,
    "phi": 0.9,
    "sigma": 0.1,
    "std_Y": 0.01
  },
  "n_samples": 10000,
  "dataset_shape": [
    10000,
    300
  ],
  "statistics": {
    "mean": 0.001136671158225538,
    "std": 0.2293564819569332,
    "min": -1.1550535358026768,
    "max": 1.0912715361654948
  }
}