{
  "data": {
    "T": 300,
    "phi": 0.99,
    "sigma": 0.1,
    "std_Y": 1.0
  },
  "n_samples": 10000,
  "dataset_shape": [
    10000,
    300
  ],
  "statistics": {
    "mean": 0.003388318425404744,
    "std": 1.2257053689141781,
    "min": -6.25612504353541,
    "max": 6.303726275695342
  }
}