{
  "data": {
    "T": 300,
    "phi": 0.9,
    "sigma": 1.0,
    "std_Y": 0.01
  },
  "n_samples": 50,
  "dataset_shape": [
    50,
    300
  ],
  "statistics": {
    "mean": -0.10788983304010218,
    "std": 2.2988749109664055,
    "min": -10.142526017391717,
    "max": 8.841495869526383
  }
}