{
  "data": {
    "T": 300,
    "tau": 10,
    "v": 10,
    "std_Y": 0.01,
    "sigma_f": 1
  },
  "n_samples": 1000,
  "dataset_shape": [
    1000,
    300
  ],
  "theta_fixed_value": -0.8463893499731203,
  "statistics": {
    "mean": -0.8579642967234331,
    "std": 1.0027976294528065,
    "min": -4.74565805360175,
    "max": 3.2517746838775308
  }
}