{
  "data": {
    "T": 300,
    "tau": 10,
    "v": 10,
    "std_Y": 0.01,
    "sigma_f": 1
  },
  "n_samples": 50,
  "dataset_shape": [
    50,
    300
  ],
  "theta_fixed_value": 11.463085906305842,
  "statistics": {
    "mean": 11.438007160396683,
    "std": 1.003088263931163,
    "min": 8.20430064375064,
    "max": 14.48008693648539
  }
}