{
  "data": {
    "T": 300,
    "tau": 10,
    "v": 10,
    "std_Y": 0.01,
    "sigma_f": 1
  },
  "n_samples": 10000,
  "dataset_shape_Y": [
    10000,
    300
  ],
  "dataset_shape_theta": [
    10000,
    300
  ],
  "theta_fixed_value": -2.089319987351227,
  "statistics": {
    "Y_mean": -2.0892973043287966,
    "Y_std": 0.9987824681175944,
    "theta_mean": -2.0892842626006924,
    "theta_std": 0.9987373154215695
  }
}