{
  "kld_loss": [
    2746.4520263671875,
    1701.577783203125,
    834.0828552246094,
    313.6811248779297,
    122.0469467163086,
    104.24889831542968,
    235.41561431884764,
    445.7080963134766,
    846.8353393554687,
    1480.36337890625,
    2357.7839599609374,
    3443.1470458984377,
    4514.0557861328125,
    5758.564453125,
    7684.58291015625,
    10534.17724609375,
    14569.0029296875,
    20595.3748046875,
    30833.81015625,
    44106.6015625,
    55390.466015625,
    64693.64609375,
    71614.3390625,
    75789.93203125,
    78354.13203125,
    79805.0328125,
    80952.92734375,
    81744.76640625,
    82118.13046875,
    82072.4625,
    81600.6765625,
    80768.38359375,
    79695.66015625,
    78302.9,
    76942.2171875,
    75409.0609375,
    73915.8890625,
    72944.84765625,
    72139.7140625,
    70828.38984375,
    70441.8796875
  ],
  "nll_loss": [
    145845102.4,
    138450934.4,
    133488274.4,
    129858944.0,
    126433411.2,
    121223519.2,
    114826944.0,
    105927505.6,
    94017882.4,
    80364014.4,
    66384355.6,
    53706005.2,
    41637984.4,
    30867116.2,
    21124142.2,
    13013151.8,
    7366050.9,
    3781717.8,
    1792811.9875,
    903149.69375,
    545968.959375,
    349544.40625,
    233268.3296875,
    179665.625,
    139347.8953125,
    116792.65859375,
    94764.3546875,
    77635.57265625,
    64032.980859375,
    50038.38359375,
    45433.74765625,
    33726.5607421875,
    27394.7130859375,
    16159.718359375,
    13693.08349609375,
    7319.347302246094,
    1387.2651306152343,
    -6498.771484375,
    -12727.882177734375,
    -17961.34130859375,
    -23678.033984375
  ],
  "ent_loss": [
    0.0,
    0.0,
    0.0,
    0.0,
    0.0,
    0.0,
    0.0,
    0.0,
    0.0,
    0.0,
    0.0,
    0.0,
    0.0,
    0.0,
    0.0,
    0.0,
    0.0,
    0.0,
    0.0,
    0.0,
    0.0,
    0.0,
    0.0,
    0.0,
    0.0,
    0.0,
    0.0,
    0.0,
    0.0,
    0.0,
    0.0,
    0.0,
    0.0,
    0.0,
    0.0,
    0.0,
    0.0,
    0.0,
    0.0,
    0.0,
    0.0
  ]
}