{
  "kld_loss": [
    6153.565576171875,
    3346.12138671875,
    1680.1634399414063,
    937.2535766601562,
    807.4920654296875,
    1301.014013671875,
    2518.213244628906,
    2779.6423828125,
    2483.18623046875,
    2703.9491943359376,
    2632.2061279296877,
    2532.3769287109376,
    2296.4244873046873,
    2136.4396240234373,
    2024.2158081054688,
    1900.2609008789063,
    1778.5414794921876,
    1685.714306640625,
    1632.4989868164062,
    1627.9675537109374,
    1644.425732421875,
    1649.5589477539063,
    1672.9124267578125,
    1657.8232666015624,
    1685.2350341796875,
    1679.8862182617188,
    1698.0497680664062,
    1701.93515625,
    1695.8940795898438,
    1720.4207153320312,
    1702.2092407226562,
    1726.887109375,
    1755.658837890625,
    1798.525927734375,
    1780.772509765625,
    1800.8595581054688,
    1808.5670043945313,
    1816.4549194335937,
    1839.0781982421875,
    1831.9240844726562,
    1849.5068359375
  ],
  "nll_loss": [
    55290.607421875,
    55022.205859375,
    54320.924609375,
    52996.47890625,
    51136.01953125,
    48953.925390625,
    46866.76796875,
    46035.737890625,
    45837.9265625,
    45113.972265625,
    44612.958203125,
    44034.70859375,
    43530.180859375,
    43079.34375,
    42824.153125,
    42727.928515625,
    42736.0875,
    42669.592578125,
    42665.390234375,
    42642.161328125,
    42568.091015625,
    42548.665625,
    42510.408984375,
    42494.873828125,
    42475.4671875,
    42487.26328125,
    42442.538671875,
    42415.290625,
    42424.475390625,
    42416.365234375,
    42375.483984375,
    42356.757421875,
    42307.3015625,
    42296.10703125,
    42304.08125,
    42247.115234375,
    42254.30390625,
    42238.60078125,
    42220.544140625,
    42246.609375,
    42186.97421875
  ],
  "ent_loss": [
    0.0,
    0.0,
    0.0,
    0.0,
    0.0,
    0.0,
    0.0,
    0.0,
    0.0,
    0.0,
    0.0,
    0.0,
    0.0,
    0.0,
    0.0,
    0.0,
    0.0,
    0.0,
    0.0,
    0.0,
    0.0,
    0.0,
    0.0,
    0.0,
    0.0,
    0.0,
    0.0,
    0.0,
    0.0,
    0.0,
    0.0,
    0.0,
    0.0,
    0.0,
    0.0,
    0.0,
    0.0,
    0.0,
    0.0,
    0.0,
    0.0
  ],
  "rollout_loss": [
    61942.21796875,
    59734.0171875,
    57862.54921875,
    56324.262890625,
    54914.80625,
    53827.821875,
    53378.85,
    53256.88984375,
    53000.460546875,
    52848.162109375,
    52543.46171875,
    52072.3390625,
    51179.827734375,
    49943.870703125,
    49555.523828125,
    49140.001953125,
    48971.407421875,
    48804.05625,
    48790.870703125,
    48660.18984375,
    48680.276953125,
    48621.3328125,
    48439.607421875,
    48415.343359375,
    48472.414453125,
    48354.053515625,
    48394.966015625,
    48297.867578125,
    48339.69453125,
    48213.48515625,
    48227.451171875,
    48175.028125,
    48314.01015625,
    48228.36171875,
    48230.08515625,
    48274.45078125,
    48263.0828125,
    48304.351953125,
    48259.996484375,
    48280.4734375,
    48253.55703125
  ],
  "rollout_loss_weighted": [
    0.0,
    0.0,
    0.0,
    0.0,
    0.0,
    0.0,
    0.0,
    0.0,
    0.0,
    0.0,
    0.0,
    0.0,
    0.0,
    0.0,
    0.0,
    0.0,
    0.0,
    0.0,
    0.0,
    0.0,
    0.0,
    0.0,
    0.0,
    0.0,
    0.0,
    0.0,
    0.0,
    0.0,
    0.0,
    0.0,
    0.0,
    0.0,
    0.0,
    0.0,
    0.0,
    0.0,
    0.0,
    0.0,
    0.0,
    0.0,
    0.0
  ]
}