{
  "data": {
    "T": 300,
    "phi": 0.99,
    "sigma": 0.1,
    "std_Y": 0.01
  },
  "n_samples": 10000,
  "dataset_shape_Y": [
    10000,
    300
  ],
  "dataset_shape_theta": [
    10000,
    300
  ],
  "statistics": {
    "Y_mean": 0.008258502574418344,
    "Y_std": 0.7088732161764957,
    "theta_mean": 0.008256160180356473,
    "theta_std": 0.7088075050853165
  }
}