{
  "kld_loss": [
    897.6243041992187,
    159.63838882446288,
    29.988028526306152,
    89.48392715454102,
    119.59489288330079,
    115.36396636962891,
    67.34351043701172,
    29.677361679077148,
    81.69292678833008,
    255.53296813964843,
    1117.2682006835937,
    3657.77421875,
    9387.81669921875,
    20876.99833984375,
    35276.590234375,
    46597.533203125,
    52598.8671875,
    61881.6875,
    68076.566015625,
    73295.35390625,
    77348.20703125,
    80629.04296875,
    83581.19296875,
    86470.01171875,
    86949.95,
    87958.10703125,
    91320.69375,
    91891.365625,
    92069.07734375,
    91965.3421875,
    91718.5828125,
    92197.06796875,
    92249.52265625,
    92114.10390625,
    92150.75703125,
    92286.27734375,
    92187.4046875,
    91921.0109375,
    91714.13984375,
    91602.75,
    91281.5140625,
    90867.446875,
    90479.00625,
    89972.3625,
    89261.99375,
    88557.0,
    87981.94140625,
    87279.8375,
    86413.97265625,
    85494.16953125,
    84158.528125
  ],
  "nll_loss": [
    181844027.2,
    171066033.6,
    160608468.8,
    149782801.6,
    136587803.2,
    123341787.2,
    107971840.0,
    93182055.2,
    79011929.6,
    67442195.6,
    57407672.8,
    47352819.2,
    35890905.8,
    21790352.4,
    8918269.45,
    4150858.2,
    2639975.95,
    1667055.275,
    1035164.25,
    651648.60625,
    420434.246875,
    262047.67421875,
    169519.7890625,
    134618.02578125,
    67477.4697265625,
    49839.5384765625,
    51534.68427734375,
    37895.89892578125,
    28091.0373046875,
    25517.040942382813,
    19114.57746582031,
    19569.88493652344,
    11897.997839355468,
    14262.612866210937,
    11085.759655761718,
    7772.675830078125,
    1737.8604248046875,
    8699.170458984376,
    7008.51748046875,
    38.42926025390625,
    -2239.099462890625,
    2458.13046875,
    -1131.237255859375,
    -9416.643046569825,
    -10334.64541015625,
    -6853.01259765625,
    -10571.57529296875,
    -11511.894775390625,
    -14011.866162109374,
    -8109.362829589843,
    -9140.270733642577
  ],
  "ent_loss": [
    3160.8532470703126,
    3252.515673828125,
    3277.7091552734373,
    3226.812646484375,
    3099.2998046875,
    2805.8636474609375,
    2410.34267578125,
    1832.626416015625,
    1098.2444091796874,
    308.02353792190553,
    -532.4834442138672,
    -1076.9023132324219,
    -1225.1571899414062,
    -919.1282287597656,
    -150.14842166900635,
    618.2262969970703,
    521.9095344543457,
    -384.62272491455076,
    -506.27757568359374,
    -389.8025726318359,
    -410.0675994873047,
    -464.3072052001953,
    -483.41379699707034,
    -467.5981018066406,
    -444.5035430908203,
    -473.18310546875,
    -535.9288635253906,
    -436.97417907714845,
    -387.22019958496094,
    -315.63954162597656,
    -360.63860778808595,
    -391.5135833740234,
    -421.7322021484375,
    -444.08087158203125,
    -445.1256500244141,
    -466.3178985595703,
    -468.355517578125,
    -461.9692749023437,
    -486.85924377441404,
    -504.9170349121094,
    -546.830776977539,
    -569.7010559082031,
    -625.2914367675781,
    -669.1618713378906,
    -735.7657409667969,
    -780.9211242675781,
    -841.6397888183594,
    -900.5081970214844,
    -972.6316650390625,
    -1080.4576538085937,
    -1175.871337890625
  ],
  "rollout_loss": [
    157069532.8,
    161522147.2,
    162331955.2,
    157659710.4,
    147058144.8,
    131245199.2,
    114109081.6,
    96474774.4,
    83233612.8,
    74945932.0,
    69599276.4,
    66744740.8,
    65039336.8,
    65209005.2,
    69354752.0,
    71766373.6,
    71211649.6,
    63029646.4,
    62316362.4,
    63261287.2,
    63831386.4,
    62601588.4,
    62630065.6,
    59404786.8,
    62006699.2,
    66496767.6,
    70118770.4,
    71956726.4,
    77505299.6,
    75866843.2,
    73152620.4,
    72160318.4,
    70179848.8,
    71415787.6,
    69752312.4,
    71710114.4,
    69664782.0,
    69801349.2,
    70198919.6,
    69073104.8,
    68879628.8,
    69082806.0,
    68035961.6,
    67442620.8,
    68013360.0,
    68865664.0,
    68311099.2,
    68333715.6,
    67934824.8,
    70452748.0,
    69239337.2
  ],
  "rollout_loss_weighted": [
    0.0,
    0.0,
    0.0,
    0.0,
    0.0,
    0.0,
    0.0,
    0.0,
    0.0,
    0.0,
    0.0,
    0.0,
    0.0,
    0.0,
    0.0,
    0.0,
    0.0,
    0.0,
    0.0,
    0.0,
    0.0,
    0.0,
    0.0,
    0.0,
    0.0,
    0.0,
    0.0,
    0.0,
    0.0,
    0.0,
    0.0,
    0.0,
    0.0,
    0.0,
    0.0,
    0.0,
    0.0,
    0.0,
    0.0,
    0.0,
    0.0,
    0.0,
    0.0,
    0.0,
    0.0,
    0.0,
    0.0,
    0.0,
    0.0,
    0.0,
    0.0
  ]
}